126.655185 , 37.57862
126.87673 , 35.130691
126.899218 , 37.694671
126.84179 , 37.161333
127.462785 , 36.62359
128.945924 , 37.772195
127.06565 , 37.478976
126.7952 , 37.502273
126.637088 , 37.43821
126.969411 , 35.93229
126.907805 , 37.484065
127.101934 , 37.613986
129.37776 , 35.510134
128.325143 , 35.483867
127.007901 , 37.43623
128.714941 , 35.869475
126.8728 , 35.146183
129.34914 , 36.011619
129.175201 , 35.161408
127.318143 , 36.291856
127.30481 , 37.63399
127.156035 , 37.431786
127.082968 , 37.586525
127.00042 , 37.61769
127.490553 , 36.106122
127.053615 , 37.64217
127.083599 , 37.30595
127.389188 , 36.612266
127.040996 , 37.68771
127.717698 , 37.86443
127.026895 , 37.639855
127.113202 , 35.850433
126.755273 , 37.313133
127.116885 , 37.413488
128.843094 , 35.22057
129.107944 , 37.502276
126.798483 , 37.576663
127.488418 , 34.932925
126.989561 , 37.296596
126.944106 , 37.378498
127.174875 , 37.563558
127.718955 , 34.726436
126.895551 , 37.420752
128.899336 , 37.763236
127.106101 , 37.367036
127.13286 , 37.470456
127.564163 , 36.3064
126.852406 , 35.227666
127.119288 , 36.842455
127.524768 , 37.221916
127.230781 , 37.539361
126.84061 , 35.576883
127.151608 , 37.430201
126.764831 , 35.98501
127.138578 , 37.436328
127.385358 , 38.057362
126.38279 , 34.780356
127.117076 , 37.412736
126.731893 , 37.669483
126.901375 , 35.196843
126.901475 , 37.483046
128.223795 , 37.148088
126.637473 , 37.438053
126.730573 , 37.499816
127.797325 , 36.808918
127.026988 , 37.498063
126.894912 , 37.420105
126.931467 , 34.563895
126.457331 , 37.315182
127.317163 , 36.338419
126.925526 , 37.331206
126.62813 , 35.965875
126.996 , 37.197395
127.099338 , 35.844952
126.89346 , 35.111402
127.043505 , 37.214856
126.750668 , 37.677788
129.201742 , 35.1848
128.574571 , 35.946788
127.041026 , 37.687461
126.895386 , 37.420996
128.537904 , 35.85466
128.570936 , 35.23013
127.136843 , 37.430265
128.419228 , 34.83203
126.650723 , 37.491388
126.823877 , 35.175399
126.863266 , 37.560048
126.798298 , 37.46568
127.174865 , 37.562388
127.10146 , 36.999778
126.938726 , 37.144523
126.84529 , 35.57286
127.124701 , 36.846361
127.308558 , 38.145393
127.028099 , 37.274196
129.342138 , 35.533385
127.11412 , 37.486513
126.872364 , 37.456733
128.557952 , 35.836905
127.580726 , 34.989411
127.000417 , 37.617243
126.499518 , 37.359645
126.835852 , 37.507667
127.123265 , 37.360733
127.692312 , 34.749092
128.813064 , 35.194
126.906578 , 35.140543
127.189206 , 37.333063
127.15567 , 37.431858
127.103808 , 37.614111
127.420058 , 36.640291
127.49376 , 36.670968
126.917931 , 37.552471
126.845296 , 37.547264
127.112208 , 37.280145
127.067023 , 37.260133
127.172736 , 37.566152
129.096132 , 35.285918
127.9186 , 36.972055
128.157745 , 36.444948
126.690626 , 37.470089
127.047386 , 37.712698
127.106521 , 37.342215
129.202732 , 35.180755
127.079562 , 37.669253
127.26615 , 37.026609
126.980836 , 37.502601
127.053836 , 37.67466
127.208033 , 37.633971
126.672098 , 37.464198
128.392535 , 35.862576
126.50886 , 35.09967
126.885408 , 35.169076
127.03076 , 37.471679
127.24202 , 37.4115
129.044416 , 36.526574
127.311006 , 36.337048
127.398611 , 36.370499
127.141691 , 37.429278
126.881487 , 35.159775
126.964513 , 37.559832
127.901493 , 36.939352
128.768566 , 35.8145
126.675398 , 37.577278
127.217143 , 37.280743
126.926051 , 37.331303
127.124765 , 37.387996
127.495416 , 36.612908
126.933556 , 35.200838
127.013875 , 37.661003
128.962347 , 35.049622
126.741296 , 37.667405
127.409289 , 36.429925
127.050973 , 37.517358
127.032688 , 37.742053
127.094133 , 37.533465
127.090165 , 35.846651
127.485216 , 36.967401
126.985318 , 37.317666
127.133178 , 35.790723
127.437235 , 36.348195
126.754078 , 37.348156
126.90372 , 37.435277
126.989493 , 37.32152
127.214428 , 37.691436
129.070734 , 35.136563
126.417602 , 34.812802
126.869175 , 37.542614
126.996506 , 37.19784
126.892335 , 37.411797
127.000888 , 37.617698
127.448368 , 36.654492
126.926588 , 37.354108
126.57 , 37.2854
126.875406 , 37.48653
127.538715 , 34.935763
127.0656 , 37.233416
127.10248 , 37.613353
127.662283 , 38.207051
127.008553 , 37.507225
127.022651 , 37.233863
127.484768 , 36.612484
126.910166 , 36.28064
127.40074 , 36.331521
127.098015 , 37.599353
126.885181 , 37.460123
126.648911 , 37.49446
128.730908 , 35.843563
127.134084 , 37.469078
129.13592 , 35.588264
126.804685 , 37.560258
126.270328 , 34.479088
127.107524 , 37.339791
127.12992 , 37.019271
127.639115 , 36.270738
126.840586 , 37.462425
126.895445 , 37.420532
126.882005 , 35.206171
127.261725 , 37.409163
126.870542 , 37.499387
128.616208 , 38.07454
127.433993 , 36.367506
129.402583 , 36.078182
127.079915 , 37.287681
128.846184 , 35.22219
126.853603 , 37.506323
128.271279 , 35.730366
127.50863 , 34.98406
126.778385 , 37.65056
128.548706 , 35.81737
127.011351 , 37.662068
126.869881 , 35.188858
127.933325 , 36.971675
128.945601 , 37.771933
126.754865 , 37.515693
127.0042 , 37.014272
126.851113 , 35.227523
127.107755 , 37.80847
126.863083 , 35.239615
127.431968 , 36.62446
127.06475 , 36.470885
127.045096 , 37.466568
128.966758 , 35.1385
127.036528 , 37.651671
127.082835 , 37.670808
127.12472 , 37.458568
127.356115 , 36.312883
128.16605 , 35.56377
126.456982 , 37.315337
126.80562 , 37.567278
127.428406 , 36.501179
127.25739 , 37.421835
126.90534 , 37.487585
126.930488 , 37.51867
126.714744 , 37.491356
128.83505 , 35.067456
126.663401 , 37.525796
126.9932 , 37.309949
127.063008 , 37.455216
126.90938 , 37.462373
126.937708 , 37.551386
128.58255 , 35.853693
127.080445 , 37.287805
127.11622 , 37.414325
127.020696 , 37.250683
127.05044 , 37.628048
129.327104 , 37.179616
126.884653 , 37.592022
128.56213 , 35.837798
127.069887 , 37.638462
126.80177 , 35.213415
127.145478 , 35.802838
126.852396 , 35.227436
126.684345 , 37.653338
126.933389 , 35.200804
128.591336 , 35.88136
126.758871 , 37.725038
127.495535 , 36.621696
128.986086 , 37.178091
127.353865 , 36.308781
127.175613 , 37.562468
126.921241 , 37.571121
127.110208 , 35.882385
127.01189 , 37.663318
126.853416 , 37.561514
126.804258 , 35.173878
126.88822 , 35.141255
128.64401 , 35.233281
126.99488 , 37.566633
126.98131 , 37.316446
129.104432 , 37.491292
127.266431 , 37.027082
126.973406 , 35.950071
127.17082 , 36.99964
129.339886 , 35.523366
128.722 , 35.188538
126.826786 , 37.558006
127.473416 , 36.631612
127.102551 , 37.22658
126.761656 , 37.687103
126.403558 , 34.787816
127.400697 , 34.483622
126.848681 , 37.726615
127.128721 , 37.368893
127.501776 , 37.24193
126.877481 , 35.102301
127.09392 , 36.209248
127.340978 , 36.340243
128.423495 , 34.85838
126.877641 , 35.102236
127.142863 , 37.26647
127.045965 , 37.465791
127.690216 , 34.926536
127.032903 , 37.258515
129.425468 , 36.420728
127.47756 , 36.268868
128.702362 , 35.135917
126.403576 , 34.787731
126.898888 , 35.165
126.590443 , 36.342501
129.063633 , 35.17194
126.873305 , 37.457634
127.001398 , 37.314286
126.718381 , 37.49127
126.895439 , 37.420515
128.321645 , 35.503584
126.79942 , 37.576196
126.859944 , 35.205004
127.237184 , 37.649552
126.953358 , 36.014815
127.002221 , 37.54193
129.358064 , 35.564668
127.174406 , 35.879439
127.012239 , 37.201595
127.452326 , 36.653838
126.884526 , 37.592211
127.120373 , 37.513735
126.874941 , 37.48413
126.974336 , 37.505736
127.207643 , 37.634145
126.3868 , 34.807246
126.794382 , 37.528262
126.958501 , 35.947363
127.128966 , 37.433753
129.050628 , 35.891821
129.10782 , 35.846027
127.754673 , 34.721148
126.83017 , 37.307626
126.95845 , 37.479241
129.093886 , 35.148302
126.751721 , 37.319663
127.212876 , 37.552695
127.030529 , 37.60825
127.321432 , 36.31724
126.931558 , 37.54804
126.886953 , 37.539546
128.140812 , 37.460698
127.062181 , 37.496601
129.09796 , 35.136464
128.967351 , 35.082596
126.880517 , 35.160205
126.964026 , 37.562026
128.863275 , 35.279103
126.955736 , 37.514615
126.65601 , 37.411865
127.938903 , 37.33827
127.04782 , 37.245921
127.143816 , 37.58034
126.638331 , 37.372425
127.005126 , 37.645163
127.17665 , 37.437301
126.790768 , 37.639552
127.067088 , 37.079166
129.305087 , 35.53627
127.147511 , 36.829258
129.169936 , 35.167332
127.138531 , 37.507326
129.318881 , 35.533541
126.654986 , 37.57857
126.962023 , 37.379346
127.471592 , 36.975032
126.693665 , 37.422337
127.364583 , 36.177949
127.117665 , 37.331568
127.022101 , 37.580366
127.137015 , 37.430176
127.130343 , 36.766321
127.514912 , 36.621296
127.082574 , 37.571491
127.477474 , 36.610381
127.137098 , 37.480873
127.046125 , 37.465906
126.68745 , 36.976355
127.575456 , 36.301556
126.736746 , 37.346096
127.118671 , 37.427373
126.958669 , 37.303179
128.648221 , 35.818016
126.710648 , 37.733958
126.969106 , 37.397006
126.677998 , 37.466473
127.021331 , 37.56579
127.450176 , 36.320911
127.001695 , 37.505254
127.514508 , 36.633245
126.928236 , 35.189814
127.07584 , 37.547609
127.22128 , 37.285331
126.904193 , 37.486235
126.866508 , 37.294179
129.338761 , 36.0292
126.872513 , 37.457611
128.793272 , 35.187132
126.756733 , 37.50324
127.166548 , 37.411055
126.789205 , 37.643018
126.66313 , 37.468426
126.95743 , 35.980818
127.157028 , 36.826695
126.800051 , 35.191058
128.630133 , 34.862411
126.951298 , 37.411456
127.72238 , 36.478165
126.868 , 37.301515
129.11177 , 35.104678
126.816831 , 37.53666
127.019008 , 37.194983
127.058283 , 37.047867
128.912856 , 35.089152
127.000157 , 37.617158
127.587998 , 34.978758
127.013448 , 37.632716
127.129725 , 36.795893
129.026204 , 35.381171
127.188773 , 37.548331
126.883334 , 37.295345
126.932856 , 35.173912
128.861688 , 35.269093
127.351152 , 37.82238
126.794604 , 35.193448
127.177305 , 36.781788
129.158793 , 35.236048
127.054145 , 37.881398
127.064883 , 37.61126
127.234114 , 37.499103
127.014994 , 37.396781
126.636376 , 37.596773
127.587116 , 34.969895
126.701825 , 37.44015
128.759241 , 35.18209
127.507868 , 36.782412
127.159275 , 37.433881
127.102058 , 37.295925
126.638066 , 37.371103
127.066947 , 37.501105
126.936488 , 37.582208
128.98041 , 35.086267
129.326611 , 35.531883
129.125893 , 35.157658
127.336152 , 36.36033
127.124086 , 37.320805
127.08298 , 37.240971
126.793047 , 36.469041
127.00401 , 37.453224
127.394316 , 36.58721
127.105435 , 37.340019
126.652184 , 35.938964
127.132518 , 37.469535
127.488384 , 37.678808
127.180116 , 34.807383
127.107186 , 37.342078
127.085766 , 37.748401
126.888834 , 37.678799
128.504578 , 35.817188
127.5101 , 36.638225
127.136213 , 37.480376
128.914306 , 35.959896
126.927371 , 37.489415
126.668466 , 37.39978
126.776094 , 37.036281
126.91505 , 36.929286
127.38849 , 36.312773
127.030623 , 37.658065
127.515173 , 37.824321
127.03953 , 37.591236
128.346683 , 35.293453
128.584811 , 38.227078
127.431493 , 36.625153
128.980648 , 35.058975
126.563073 , 37.708458
126.971408 , 37.3807
127.509458 , 36.614758
126.996538 , 37.521435
126.884873 , 37.50682
126.65456 , 37.600851
127.080646 , 37.287765
127.442823 , 37.27834
127.328016 , 37.968188
129.404569 , 36.538716
127.293598 , 37.013021
129.380391 , 35.537646
127.22948 , 37.538295
126.78722 , 37.519811
127.126595 , 37.466386
126.871021 , 35.145986
129.065481 , 35.178596
127.059575 , 37.441597
126.701653 , 37.440169
126.896982 , 37.578096
126.738908 , 37.681106
126.886735 , 35.101893
127.001477 , 37.584725
127.457525 , 37.261954
126.650778 , 37.491773
127.129615 , 35.834818
127.12986 , 37.019118
127.08008 , 37.28798
126.90221 , 37.406761
128.682778 , 36.369477
127.794361 , 36.17411
126.396484 , 37.310829
126.531002 , 35.101528
128.613448 , 35.912272
126.542618 , 35.456185
126.764296 , 37.035348
127.128945 , 37.421711
126.816962 , 37.687715
129.158588 , 37.439278
127.019866 , 37.495713
127.050188 , 37.661683
128.152496 , 37.471168
127.055352 , 37.627822
128.873251 , 35.227383
126.747916 , 37.606051
126.895228 , 37.420842
126.421823 , 34.81888
127.007785 , 37.435848
128.72236 , 35.189366
127.587676 , 34.901348
126.906033 , 35.184391
126.529036 , 37.505518
126.781388 , 37.486086
127.084333 , 37.57333
126.996133 , 37.198066
129.219313 , 35.254363
126.730295 , 37.490951
127.901304 , 36.939418
127.420366 , 37.738198
128.971408 , 35.060372
129.388427 , 35.94109
127.226238 , 37.572543
127.0792 , 37.287881
126.702245 , 37.48227
126.723121 , 37.492045
128.252414 , 35.320344
128.660893 , 35.145004
128.329431 , 36.15241
127.107831 , 37.30001
127.35702 , 34.537562
129.062806 , 35.07236
127.162163 , 37.699716
126.93645 , 37.560098
127.06884 , 37.515891
128.730076 , 35.845085
126.877368 , 35.131256
126.609213 , 37.55086
126.848001 , 37.317333
128.42947 , 36.01889
128.583886 , 35.239331
129.126628 , 35.217556
126.673976 , 37.568521
126.78495 , 37.75392
127.378358 , 37.680539
126.894255 , 35.165301
128.723766 , 34.865483
127.119234 , 37.528029
128.827203 , 35.277648
126.675095 , 35.967496
126.37669 , 34.813073
127.263267 , 36.409057
127.085289 , 37.240495
127.533346 , 34.946703
127.11635 , 37.414841
126.749193 , 37.421856
127.139888 , 37.619512
127.043866 , 37.753615
128.555864 , 35.837412
126.977107 , 37.283604
126.905695 , 37.086488
127.072893 , 37.572315
127.229091 , 37.779723
126.81715 , 35.20968
126.759965 , 36.215605
126.77354 , 36.882884
126.262343 , 34.478813
129.054937 , 35.15759
128.584716 , 38.227248
129.102122 , 36.943632
127.11831 , 37.748978
126.655336 , 37.578598
127.026606 , 37.755185
126.852618 , 35.584825
126.633607 , 37.619967
127.12635 , 37.641055
129.212413 , 35.223167
127.354664 , 37.17965
127.028948 , 37.49867
126.75307 , 37.313675
127.093798 , 37.533721
126.960968 , 37.794163
126.948498 , 37.389418
127.717866 , 37.864505
127.028818 , 37.498465
126.895075 , 35.188065
126.92023 , 37.498258
126.73912 , 37.414384
127.069814 , 37.512148
129.263505 , 35.547233
128.086198 , 35.082305
126.446954 , 37.195704
127.076774 , 37.667732
126.878673 , 35.16131
126.92691 , 37.331905
126.995756 , 37.19847
126.629056 , 37.47874
126.793606 , 37.186306
126.850098 , 35.234183
127.07061 , 37.637737
128.879076 , 37.754045
127.019908 , 37.501312
126.839976 , 35.167873
127.139701 , 37.260063
127.308614 , 34.562371
126.956563 , 37.523026
127.372685 , 34.84865
127.061613 , 37.629073
127.067694 , 37.281821
126.948203 , 37.371433
127.069298 , 37.514556
128.706016 , 35.140433
127.025968 , 37.49183
127.22675 , 37.5736
128.842856 , 35.220566
127.50577 , 36.597021
126.58894 , 35.565842
126.842058 , 37.572891
126.958658 , 37.302913
127.436462 , 36.350698
126.77108 , 37.524251
127.1396 , 37.003441
126.69092 , 37.474865
127.044535 , 37.548363
126.933998 , 35.1859
126.798623 , 37.577061
128.72113 , 36.566746
127.457835 , 37.262045
129.017002 , 35.283903
128.572978 , 35.16899
126.86509 , 37.574096
128.532431 , 35.804514
126.931856 , 35.18396
126.739325 , 37.711526
127.158688 , 37.490978
127.504677 , 37.289914
126.875242 , 37.580353
127.059886 , 37.897181
126.658961 , 37.481971
128.560716 , 35.178131
127.72388 , 37.869398
127.087576 , 36.989851
126.6353 , 35.970563
129.180565 , 35.331832
126.4626 , 37.468384
127.070736 , 37.540411
126.798628 , 37.441953
127.053355 , 37.683736
126.852538 , 35.227651
128.452307 , 34.871734
126.763146 , 37.515023
127.065648 , 37.233456
126.933576 , 35.200471
127.006547 , 37.5057
127.50072 , 36.628666
127.135868 , 37.442786
127.625596 , 37.266713
126.718666 , 37.64181
127.525386 , 37.221866
126.935293 , 37.581191
129.17172 , 37.413872
129.041853 , 35.14623
127.02819 , 37.523424
126.698871 , 36.018291
128.475998 , 35.368274
127.232834 , 37.286335
127.104867 , 37.61653
127.044278 , 37.155661
129.164705 , 35.837076
127.126176 , 35.832106
126.62244 , 37.611238
128.713364 , 36.550982
126.880777 , 35.159367
128.420571 , 34.830851
126.925778 , 37.330931
127.129631 , 37.583888
127.007272 , 37.613348
127.064386 , 37.62751
127.133661 , 37.441506
129.1585 , 35.236031
126.619278 , 37.4377
126.976105 , 35.951495
126.055096 , 34.31106
129.078471 , 35.228598
127.135891 , 37.480645
129.056978 , 35.095028
127.086843 , 37.747996
126.42746 , 37.431163
127.133096 , 35.834693
127.137083 , 37.413308
126.877878 , 35.103478
126.875738 , 37.534166
126.954701 , 37.483753
128.691292 , 35.15391
127.420164 , 37.295782
126.687331 , 37.413841
126.871383 , 35.204463
127.105555 , 37.33979
127.054751 , 37.132426
126.904446 , 37.515533
127.015105 , 37.484231
127.68594 , 34.780663
127.485651 , 34.962697
127.937283 , 36.989853
126.84273 , 37.50905
127.367201 , 36.323398
127.145468 , 37.43995
128.714238 , 35.869433
127.150693 , 37.329871
126.653583 , 37.455966
127.11941 , 37.491768
126.799366 , 37.576253
127.045528 , 37.680156
127.12041 , 37.363416
126.438845 , 34.804051
126.81467 , 35.20123
127.080168 , 37.287981
126.840675 , 37.323111
129.119585 , 35.558095
127.135263 , 36.816426
127.047866 , 37.224939
126.755678 , 37.503251
128.493236 , 35.835983
126.761475 , 37.537826
126.917148 , 35.165402
126.973494 , 37.343641
127.030193 , 37.150552
127.741258 , 34.846313
126.634898 , 37.514838
126.760483 , 37.040246
126.703398 , 37.468483
126.989898 , 37.32198
126.95871 , 37.303412
128.729175 , 35.84481
129.386491 , 35.538452
128.149935 , 36.116671
127.18271 , 37.655708
126.731818 , 37.511413
128.620855 , 35.917551
126.789736 , 37.541304
126.999425 , 37.617977
128.587658 , 35.866518
127.063442 , 37.659787
126.638711 , 37.427031
127.09261 , 37.597782
126.815248 , 37.626572
126.634837 , 36.541318
126.710406 , 37.733706
126.57 , 37.2854
127.2136 , 37.238228
127.145344 , 36.805911
126.836278 , 35.577218
128.981871 , 35.153347
126.630685 , 37.477081
127.023023 , 37.290241
126.771393 , 37.67676
126.501178 , 35.285354
127.318471 , 36.291771
127.0035 , 36.757451
127.317609 , 36.292173
128.723116 , 35.18955
127.07439 , 37.529931
127.082683 , 37.670813
126.830824 , 37.655096
126.83858 , 37.442321
129.096636 , 35.286415
128.09436 , 36.124472
127.103033 , 37.833025
126.741876 , 37.351755
127.815356 , 36.157785
128.521328 , 35.829076
126.983063 , 37.560615
128.634024 , 35.872728
127.000841 , 37.505128
128.702452 , 35.214819
126.7324 , 37.517238
128.957097 , 35.073518
126.881433 , 37.504117
126.714686 , 37.456316
127.038875 , 37.460178
126.668721 , 37.399553
127.427121 , 36.446073
126.576594 , 36.33742
126.968238 , 35.950776
127.08327 , 37.587016
126.619561 , 37.437343
126.948243 , 37.557023
126.57 , 37.2854
126.780045 , 37.504673
127.021408 , 37.49591
127.122366 , 37.475635
126.911782 , 37.51847
128.421491 , 35.525505
126.457232 , 37.315791
127.131153 , 37.538615
128.552645 , 35.151556
126.669608 , 37.399571
127.113453 , 35.850072
128.714893 , 35.864763
128.722681 , 35.189256
127.103261 , 35.809683
127.075828 , 35.886336
129.235539 , 35.827521
126.637293 , 37.438173
126.903836 , 37.431488
127.490618 , 36.651156
127.50226 , 34.987068
126.900165 , 37.479623
127.004852 , 37.268854
126.970794 , 37.353107
128.768621 , 35.814166
128.03655 , 35.080571
127.525278 , 37.22186
127.52168 , 34.934892
127.49996 , 36.679484
126.874488 , 37.621916
128.621369 , 35.917791
126.402945 , 34.787701
126.372868 , 36.536899
127.442878 , 36.609946
127.122705 , 35.777975
127.421937 , 36.406556
127.00781 , 37.397951
127.088234 , 37.575261
126.610668 , 36.338288
128.843036 , 35.220621
126.813666 , 37.367355
126.78944 , 37.541384
127.068549 , 37.089593
127.266045 , 37.027473
129.060565 , 35.14689
127.136367 , 37.051502
128.584611 , 38.227368
129.349404 , 36.013768
126.8034 , 37.330493
127.21376 , 37.238858
128.691152 , 35.872808
127.000823 , 37.539103
127.045656 , 37.465496
127.407508 , 36.447574
126.823264 , 37.535228
127.106708 , 37.342526
126.580452 , 35.0661
126.834728 , 37.555995
127.070045 , 37.638863
127.439192 , 36.352102
127.398922 , 36.370472
126.973654 , 37.343229
126.682585 , 35.973312
126.764501 , 37.683761
127.179061 , 37.443936
127.085284 , 37.240495
127.05465 , 37.153813
128.68639 , 36.369508
126.98449 , 37.206283
127.043551 , 37.66946
126.907755 , 37.645191
126.740163 , 37.522453
126.999615 , 37.617813
128.81447 , 35.843685
126.751213 , 37.462798
129.056696 , 35.095601
126.935186 , 37.388315
126.637475 , 37.371241
127.125055 , 35.933596
126.731173 , 37.599815
127.467436 , 37.289389
129.201013 , 35.264147
126.888788 , 36.9854
128.670671 , 35.143596
127.00054 , 37.617508
126.735586 , 37.497876
127.139393 , 37.435306
127.118393 , 37.749095
126.706416 , 36.848444
126.838415 , 37.506833
126.933753 , 35.201845
126.841893 , 37.462493
126.888968 , 37.678829
127.073259 , 37.20205
127.383651 , 37.732633
127.03466 , 37.27544
127.065238 , 37.541906
128.745792 , 35.8344
128.101088 , 36.12806
126.951543 , 37.411345
127.805552 , 34.988972
127.378335 , 37.68056
126.873936 , 36.99339
126.910676 , 37.581538
127.085765 , 37.532211
127.10071 , 37.538451
127.43094 , 35.008375
127.038046 , 37.571831
128.161176 , 36.201592
126.688443 , 37.343485
126.676516 , 37.509728
127.01736 , 37.77669
126.868253 , 35.161681
127.147166 , 37.373841
129.340134 , 35.52327
128.95656 , 35.073707
126.786155 , 37.532926
128.723769 , 35.189693
127.215666 , 37.73958
127.39657 , 36.308728
126.720081 , 36.986646
127.389475 , 36.612296
127.131265 , 37.434448
128.747499 , 35.485115
127.674582 , 34.97973
128.9465 , 37.77184
127.802822 , 36.171937
126.89566 , 35.188173
127.083886 , 37.253236
126.876483 , 37.592194
126.690785 , 37.475158
129.212405 , 35.222822
128.723556 , 34.863915
127.081155 , 37.757568
127.593018 , 36.788481
126.781168 , 35.157556
127.207188 , 35.396528
126.670075 , 37.399733
127.069961 , 37.281178
127.136686 , 37.534756
127.080531 , 37.288121
126.708175 , 37.452723
126.851458 , 37.719339
126.871908 , 37.456786
128.644148 , 35.935113
127.749158 , 37.895031
126.731965 , 37.669145
126.90369 , 35.183721
129.426531 , 35.486334
129.389677 , 35.526066
129.158913 , 35.235836
126.669666 , 37.399413
128.364003 , 34.89967
127.961233 , 37.326348
126.890531 , 37.527415
127.421758 , 36.407376
127.885536 , 37.660996
127.576456 , 34.979891
126.818279 , 37.537778
128.542868 , 35.90051
127.468833 , 36.625555
129.118143 , 35.220335
127.087478 , 36.990356
126.516438 , 36.507631
127.457834 , 37.261944
127.122943 , 35.960916
127.049791 , 37.249568
126.944423 , 37.3785
127.711316 , 34.731363
127.061538 , 37.627021
126.638112 , 35.970392
128.768945 , 35.814248
129.065284 , 35.178677
127.079748 , 37.288205
127.00311 , 37.50472
127.032166 , 37.506768
129.10195 , 37.584408
126.960691 , 37.793013
126.391761 , 34.820628
126.792081 , 37.717011
127.971423 , 37.340733
127.029691 , 37.151114
126.831973 , 37.60069
128.819778 , 35.094061
126.905783 , 37.529235
127.298451 , 35.62757
127.066453 , 37.591298
127.074601 , 37.518303
129.363404 , 36.006499
128.863471 , 35.278991
126.895959 , 37.420104
127.100296 , 37.542531
127.697372 , 37.418948
127.150365 , 37.360395
126.917723 , 37.552325
127.02716 , 37.26524
126.6769 , 35.919728
127.045628 , 37.46668
127.230305 , 37.538828
127.158179 , 37.842969
126.973383 , 37.343482
126.706243 , 37.522533
127.136351 , 37.480758
128.576503 , 35.207032
126.907886 , 35.14077
126.88166 , 35.110168
127.213266 , 38.21578
127.05558 , 37.628018
127.079071 , 37.287343
127.960985 , 37.326091
126.985884 , 37.418523
127.26671 , 37.33782
127.409223 , 36.430041
126.761485 , 37.536595
127.149645 , 36.820445
127.017565 , 37.249178
127.122028 , 37.65751
126.833806 , 37.399321
126.88681 , 35.146668
126.960216 , 35.92482
126.893286 , 37.409804
127.318878 , 36.291758
127.103986 , 37.614685
127.918231 , 36.97229
128.31006 , 36.226265
126.57 , 37.2854
126.830668 , 37.633306
128.913981 , 35.959668
127.369263 , 36.345521
127.388423 , 36.31278
127.385071 , 36.440999
126.818351 , 37.545175
129.114335 , 36.662573
127.266546 , 37.027051
127.362828 , 37.161009
128.55936 , 35.931548
128.700275 , 35.20266
127.079734 , 36.284377
126.66939 , 37.426021
127.06133 , 37.537271
126.877158 , 37.591668
129.047081 , 35.161463
127.156551 , 37.59406
127.02995 , 37.298068
127.067898 , 37.281891
126.864981 , 35.141514
126.848805 , 35.124918
126.926642 , 37.526048
127.059418 , 37.475248
127.523104 , 38.071668
126.954325 , 37.48372
126.817544 , 35.209032
127.093498 , 37.533545
126.651461 , 37.502791
127.078855 , 37.511754
129.330888 , 35.561748
127.103598 , 37.508003
127.065253 , 37.479073
126.929081 , 37.516912
128.63202 , 35.211707
127.093836 , 36.78252
127.070348 , 37.637733
127.068748 , 37.575706
127.394086 , 36.586981
127.080833 , 37.261108
126.818543 , 35.160641
126.786151 , 37.770576
127.00132 , 37.657423
129.292979 , 35.559231
129.111957 , 35.104533
127.758016 , 37.84344
126.948606 , 37.466693
127.044113 , 37.499223
127.897795 , 34.841584
128.452778 , 35.826435
127.083546 , 34.31977
127.513322 , 34.953461
126.89976 , 37.456931
126.818513 , 37.537496
126.884446 , 37.592085
126.724998 , 37.401137
127.226413 , 37.573361
127.351746 , 37.271056
126.933541 , 35.20035
127.027378 , 37.60625
126.847865 , 35.16302
127.245691 , 37.229493
126.926426 , 37.320646
126.723983 , 37.491505
127.065622 , 37.233315
126.793796 , 35.213385
127.080617 , 38.096754
126.678335 , 35.919963
127.809184 , 37.29596
127.036507 , 37.480639
126.929808 , 37.578471
127.017728 , 37.521661
127.477792 , 36.268594
126.731918 , 37.669293
126.637465 , 37.437993
128.186071 , 36.582736
127.192623 , 36.942793
129.401961 , 35.959166
127.128815 , 37.411415
127.120936 , 37.489011
127.940675 , 36.9568
126.917473 , 37.567935
128.677535 , 35.895071
128.643963 , 35.934268
126.895804 , 37.42081
127.46192 , 36.287921
127.400239 , 36.331226
127.919481 , 37.356289
127.174718 , 37.563583
127.118382 , 37.427406
127.116746 , 37.414178
127.116593 , 37.562601
127.839329 , 36.962582
127.082498 , 37.276223
127.175485 , 37.562575
127.794276 , 36.174071
128.723961 , 35.86737
126.925747 , 37.331843
128.565235 , 35.134061
126.362773 , 34.801533
127.292621 , 34.578481
126.820487 , 37.325375
126.743609 , 37.488515
127.908187 , 35.838168
128.604984 , 38.184896
127.06627 , 37.257414
126.857191 , 37.51124
126.980039 , 37.006921
128.701716 , 35.159115
126.626573 , 37.435401
127.137781 , 37.481038
127.062295 , 37.621128
127.057041 , 37.668186
128.729776 , 35.844898
128.768866 , 35.814423
126.817723 , 35.209303
127.129915 , 38.313838
126.969536 , 35.947903
127.519481 , 37.82213
126.98888 , 37.321441
127.919213 , 36.972611
128.810158 , 35.20127
126.6772 , 37.458753
127.422198 , 36.407383
127.022476 , 37.233701
127.354139 , 37.179178
128.526535 , 35.80723
126.919751 , 37.623333
127.433988 , 38.23354
127.069245 , 37.513243
126.930915 , 37.367853
126.951546 , 35.9424
127.422043 , 36.407306
129.421596 , 35.509458
127.270628 , 37.001753
127.030031 , 37.267066
126.78577 , 37.382175
127.266591 , 36.392775
127.439037 , 36.352558
127.165468 , 37.650048
127.125551 , 37.386755
126.893445 , 37.409412
127.208525 , 37.895177
126.63712 , 37.370036
129.004102 , 35.213371
127.640911 , 34.821196
129.206325 , 35.198042
127.917839 , 36.987565
127.323556 , 36.387995
126.728213 , 37.439661
128.416467 , 34.884977
128.434227 , 34.805247
129.099293 , 35.290083
126.645026 , 37.391318
128.964981 , 35.057302
126.838485 , 35.206811
127.085576 , 37.545395
128.392401 , 35.862175
128.738408 , 35.81345
126.67527 , 37.529458
126.844583 , 37.33097
128.352504 , 36.981903
126.807441 , 37.68542
126.69622 , 36.07543
127.012115 , 37.550354
126.838253 , 37.621748
126.684363 , 37.653058
127.749741 , 37.894898
127.032623 , 37.487645
127.106611 , 37.342178
127.042226 , 37.514495
128.621233 , 35.917738
127.914127 , 36.973433
126.852055 , 35.227353
127.075148 , 37.754558
127.624783 , 35.990661
127.135965 , 37.600704
129.024168 , 35.172
127.042089 , 37.60902
127.266188 , 37.027229
126.791403 , 37.849606
127.037276 , 37.654258
127.107835 , 37.308806
127.226128 , 37.573465
126.63743 , 37.371393
127.961485 , 37.326643
127.432378 , 36.619057
126.958645 , 35.960066
126.735068 , 37.515055
126.639236 , 37.372036
127.112951 , 37.388951
127.102066 , 37.339041
126.817886 , 37.3393
126.716209 , 37.463093
127.061775 , 37.537166
127.097122 , 36.49262
129.34938 , 36.014283
126.97708 , 37.572433
127.000055 , 35.499753
126.949815 , 35.946756
127.17908 , 37.435511
128.910699 , 35.957018
126.906525 , 37.568798
127.211143 , 37.539598
127.409166 , 36.430258
126.916241 , 37.416033
126.88221 , 35.109731
127.477203 , 37.094243
127.643335 , 37.117675
126.972944 , 37.359212
126.741661 , 37.666948
128.493091 , 35.835203
127.477378 , 37.094308
128.634267 , 35.873198
127.00323 , 37.50466
128.73016 , 35.844983
126.640478 , 37.444916
128.632216 , 35.822556
126.998972 , 37.617865
127.037318 , 37.29918
126.658343 , 37.517571
126.999157 , 37.618415
126.799575 , 37.339616
126.983145 , 37.423756
127.229476 , 37.779998
129.030936 , 35.164065
127.057449 , 37.751248
127.095625 , 37.614603
127.131693 , 37.469278
126.784123 , 37.441063
126.262706 , 34.478648
127.679578 , 36.894234
127.108449 , 37.62276
127.150256 , 36.824928
127.059716 , 37.268534
127.094006 , 37.521139
128.801431 , 35.206753
128.608146 , 34.893858
127.14862 , 37.586163
126.691048 , 37.521063
127.182685 , 37.549348
127.136788 , 35.834032
128.271506 , 36.037293
126.893379 , 37.409656
127.432766 , 36.625046
126.884321 , 37.589501
128.8139 , 35.842368
128.729875 , 35.843776
127.400264 , 36.331346
127.180781 , 37.434548
129.353061 , 35.556755
127.704138 , 38.104205
128.723005 , 35.189405
128.813275 , 35.843366
129.112088 , 35.104573
128.541238 , 35.942581
129.063026 , 35.085233
127.084183 , 37.211153
126.954688 , 37.379181
126.717013 , 35.958681
127.157995 , 37.844696
127.092283 , 37.0649
128.962528 , 35.091024
126.87716 , 37.524202
126.847341 , 37.317203
126.879502 , 35.159935
127.06925 , 37.512198
127.695965 , 36.937743
127.022381 , 37.233885
126.376991 , 34.813306
126.972123 , 37.556796
127.7042 , 34.754268
127.093631 , 36.209151
126.800406 , 37.344143
127.069519 , 37.513109
128.567936 , 35.230228
127.127373 , 36.809293
127.06883 , 37.514095
127.080123 , 37.28656
129.397716 , 36.982877
127.048431 , 37.50581
128.422075 , 35.524833
127.400141 , 36.331721
126.263427 , 34.478815
126.620543 , 37.438611
126.9295 , 36.992848
127.141238 , 37.541348
127.017223 , 37.22068
127.562508 , 36.555739
127.227582 , 37.013121
126.765525 , 37.504425
126.849897 , 35.163295
126.895986 , 37.521505
126.791401 , 37.482388
127.029696 , 37.493095
127.803288 , 37.29436
126.775104 , 37.338448
127.112502 , 37.648504
126.825243 , 37.5648
128.38815 , 36.092558
129.402095 , 36.077935
127.054797 , 37.237069
129.184068 , 35.319725
127.305363 , 37.634248
127.040793 , 37.269656
128.627237 , 35.876917
127.104445 , 37.614875
127.069336 , 37.511521
126.833301 , 35.118413
127.029131 , 37.49419
126.734633 , 35.966156
127.017271 , 37.220488
126.707946 , 37.485061
129.065005 , 35.14405
126.951067 , 37.345437
126.82012 , 37.538638
129.374013 , 35.553101
127.435671 , 36.350716
126.62043 , 37.438604
126.739178 , 37.681156
127.10564 , 37.341546
126.911335 , 37.450201
129.325646 , 35.54909
127.023833 , 36.507083
128.962127 , 35.04937
127.142104 , 36.910055
127.175206 , 37.562675
127.265818 , 37.026859
128.626611 , 35.877534
126.71061 , 37.733511
127.105638 , 37.281987
127.733948 , 35.52638
126.750296 , 37.517192
127.085385 , 37.240473
126.880839 , 37.461313
127.068368 , 37.901144
126.797959 , 37.576973
127.0538 , 37.674588
127.048529 , 37.372808
128.239193 , 36.039705
128.359366 , 36.084428
127.044918 , 37.466328
127.05952 , 37.732944
126.789491 , 37.594185
126.787636 , 37.67458
126.766365 , 36.099365
126.698218 , 37.522176
126.724985 , 35.977716
127.31862 , 36.291331
129.216748 , 35.246062
129.311663 , 35.572671
126.791331 , 37.643578
126.807816 , 37.477243
127.150911 , 37.36018
126.776891 , 37.036551
129.049813 , 35.15236
126.967085 , 37.537815
127.083953 , 37.461346
127.234736 , 37.499351
129.025137 , 35.147132
127.062533 , 37.65666
127.069158 , 37.172489
129.106359 , 35.137403
126.873741 , 37.41564
127.066718 , 37.656933
127.997666 , 36.213205
127.625286 , 37.265015
129.118341 , 35.130988
127.0165 , 37.484278
127.022283 , 37.233885
126.747268 , 37.4891
127.518633 , 34.958121
126.805418 , 37.852803
128.58012 , 35.847008
126.8148 , 37.460672
129.200295 , 35.841986
128.476428 , 35.36821
127.079335 , 37.125676
126.690703 , 37.474423
127.134121 , 36.467891
127.127166 , 37.476101
126.816468 , 37.707756
126.933656 , 35.200746
126.912391 , 35.176075
127.059699 , 37.864347
126.831265 , 37.524057
129.125498 , 35.538178
127.183416 , 37.656103
126.649919 , 37.397392
129.09888 , 35.100468
126.953806 , 36.864035
126.931858 , 35.935718
126.948948 , 37.35952
126.852378 , 35.227213
127.038951 , 37.261598
127.117276 , 37.751103
126.776453 , 37.03569
126.895801 , 37.420224
127.482312 , 36.677852
126.8796 , 37.58989
127.34524 , 37.218217
127.013954 , 37.660748
126.927654 , 35.94406
127.038195 , 37.743325
126.83218 , 37.650565
127.066988 , 37.259896
128.293291 , 35.512877
127.14649 , 35.805623
127.130646 , 37.44327
127.142956 , 37.443255
126.799665 , 37.576556
127.03602 , 37.273034
127.136086 , 37.48112
126.976761 , 37.50546
128.492616 , 35.835371
126.859035 , 35.150361
127.048668 , 37.652736
129.000295 , 35.09012
127.130809 , 36.790578
127.103491 , 37.361288
126.799098 , 37.577065
127.142633 , 37.531043
129.392267 , 35.522658
127.914566 , 36.982386
126.892466 , 37.499098
129.369013 , 35.579673
126.956927 , 37.513438
126.662359 , 37.426523
128.730796 , 35.843336
127.16422 , 35.83566
126.906723 , 37.480616
127.156635 , 37.593875
127.04076 , 37.557921
129.388141 , 35.535463
126.424983 , 34.794563
128.914686 , 35.960107
126.983495 , 37.286461
129.380013 , 35.555413
127.030666 , 36.777046
126.992794 , 37.244793
127.121199 , 37.377229
127.703751 , 37.111658
127.122475 , 35.776905
126.892738 , 35.11103
127.129116 , 37.416573
127.144897 , 37.409076
128.991348 , 35.318835
128.842485 , 35.22013
126.705899 , 37.631194
129.348992 , 36.013597
127.107434 , 37.515876
127.035643 , 37.637454
127.03303 , 36.490834
127.174565 , 37.56301
126.925691 , 37.331011
127.117861 , 37.665443
127.020693 , 37.568325
126.852743 , 35.585176
129.037678 , 35.209052
129.100268 , 35.840661
127.090604 , 37.127226
126.795198 , 37.047118
127.074476 , 37.0541
127.393941 , 36.587088
127.421476 , 36.59676
127.372304 , 36.6235
127.066131 , 37.47927
127.2412 , 37.411
127.434992 , 36.915308
127.523815 , 34.961143
127.030293 , 37.491935
127.131881 , 37.531138
126.839061 , 37.518053
127.117243 , 37.413671
127.125151 , 37.53807
127.155958 , 37.42172
126.635238 , 35.970701
127.718273 , 37.864183
129.369403 , 35.579768
127.098223 , 35.826645
126.981968 , 37.480594
126.843551 , 37.526541
126.805356 , 35.432665
128.260131 , 37.035016
126.760421 , 37.731198
128.562706 , 35.186468
126.627756 , 37.480715
128.682521 , 35.161168
126.787658 , 37.707291
126.888191 , 35.171658
126.973692 , 37.556622
126.817663 , 37.537426
127.580045 , 34.988722
129.029121 , 35.166221
127.049157 , 37.626003
126.747976 , 36.188965
126.80075 , 37.344446
127.39266 , 36.353536
126.832729 , 37.698729
126.832953 , 35.118723
126.67843 , 35.920398
129.030645 , 35.147615
127.73396 , 37.859188
126.893583 , 37.56742
127.115833 , 37.52281
127.035164 , 37.656749
127.928192 , 36.990524
126.779819 , 35.118568
126.383338 , 34.798855
129.008746 , 35.229321
129.348744 , 36.014026
126.76149 , 37.535971
126.837556 , 36.978471
127.477561 , 36.268693
128.965652 , 35.318813
127.610246 , 37.115451
127.05533 , 37.651725
128.964166 , 35.078956
128.974319 , 35.154986
127.082841 , 37.241016
126.997665 , 37.570627
129.389617 , 35.94018
126.778191 , 37.644175
126.759 , 37.043396
127.07608 , 37.011108
126.670313 , 37.443516
127.054956 , 37.23706
126.774805 , 37.674896
126.761631 , 37.537955
127.390181 , 37.292414
126.41752 , 34.812992
127.131838 , 37.469036
127.063386 , 37.177321
127.450051 , 36.62675
127.493456 , 34.929212
126.87197 , 36.848316
128.606096 , 38.16282
127.10553 , 37.34181
127.10454 , 37.341061
128.514155 , 35.898631
126.93295 , 37.355983
127.10906 , 36.845585
127.401296 , 37.32823
127.088673 , 36.202896
128.703335 , 35.874793
126.805202 , 37.534583
127.139339 , 37.003648
127.043854 , 37.753893
127.308479 , 34.562604
126.75875 , 35.982161
127.356351 , 36.3132
127.174853 , 37.563486
127.511728 , 36.633208
127.118485 , 37.492953
127.011226 , 37.662418
127.257695 , 37.421806
127.425438 , 36.382926
127.319996 , 36.60706
127.475304 , 36.618488
126.901111 , 35.112223
126.685403 , 35.970663
126.417801 , 34.803325
126.62595 , 37.63538
128.61304 , 35.913413
126.8608 , 36.84551
127.481554 , 36.655534
127.133108 , 37.60077
126.798106 , 35.177596
126.921613 , 37.572206
126.869464 , 37.481034
126.797139 , 35.017783
127.085018 , 37.240888
127.19888 , 37.52639
126.944976 , 37.497045
126.96615 , 35.946035
126.828918 , 37.306774
126.779843 , 35.118973
127.492811 , 36.611003
126.878475 , 37.475221
127.049046 , 37.294786
126.782232 , 37.83922
129.01823 , 35.119226
127.064941 , 37.611571
126.905941 , 37.519655
126.945078 , 37.37815
126.770255 , 37.65277
127.19041 , 37.279008
126.735388 , 37.432939
126.83707 , 35.577308
127.133568 , 36.468426
127.510576 , 36.659356
126.95481 , 37.390956
128.63189 , 35.196573
128.094214 , 37.457993
128.913833 , 35.959543
129.17882 , 35.320545
126.654168 , 37.452028
126.60288 , 37.468556
126.78191 , 37.486125
126.639271 , 37.372008
129.349517 , 36.013778
129.074569 , 35.123119
126.808263 , 37.479078
128.981248 , 35.16332
126.960931 , 35.923875
126.934296 , 37.518503
126.753953 , 37.557498
127.155548 , 37.431883
126.779796 , 35.118399
126.984513 , 37.570241
126.417412 , 34.813042
126.844862 , 37.529194
127.520496 , 36.62638
126.758428 , 37.724258
126.824653 , 37.581796
127.182352 , 37.34556
128.765928 , 35.835576
127.116238 , 35.817545
126.347666 , 36.517013
128.722392 , 35.188349
126.808632 , 37.526076
128.746453 , 35.641728
129.40213 , 36.077715
126.836538 , 35.577357
126.812861 , 37.666855
127.13276 , 37.4699
126.929273 , 37.351224
127.303456 , 37.413455
127.002586 , 37.481958
127.551415 , 37.016493
127.020638 , 36.777669
129.016891 , 35.263826
127.137253 , 37.481096
126.703158 , 37.468645
127.119314 , 37.330268
126.445898 , 36.777482
127.719863 , 36.488153
127.133341 , 35.83457
126.831435 , 35.184744
129.026505 , 35.213698
127.401243 , 37.328315
126.839608 , 35.209931
126.988716 , 37.462756
127.109306 , 35.834238
126.638288 , 37.428271
127.073438 , 37.547448
126.840034 , 37.53023
128.62872 , 35.849112
127.041995 , 37.635531
129.05584 , 36.430757
126.926718 , 35.190725
126.869063 , 35.145588
129.111993 , 35.105292
126.988803 , 37.462898
127.08038 , 37.287806
126.968808 , 37.555758
128.731784 , 35.812532
127.394151 , 36.58674
129.133615 , 35.219401
126.888085 , 35.178785
127.040968 , 37.658606
126.859848 , 37.530068
126.671786 , 37.497928
126.776263 , 37.766763
126.626716 , 37.466966
127.272576 , 37.754209
126.86783 , 35.085218
127.094377 , 35.80744
126.875093 , 37.485011
126.82068 , 37.492152
126.966721 , 37.558213
129.096481 , 35.286276
127.046489 , 37.141213
126.822987 , 37.492338
128.547288 , 35.82932
128.714111 , 35.868936
127.013956 , 37.660691
126.879376 , 37.58948
129.205426 , 35.391006
126.780078 , 35.153296
126.8468 , 37.551696
127.275911 , 36.589682
127.132026 , 35.791105
129.034158 , 35.143328
128.703415 , 35.875841
127.154355 , 37.549293
129.257608 , 35.545517
126.89705 , 37.43824
126.838346 , 37.529305
126.895531 , 37.420823
126.904101 , 37.709765
126.706758 , 37.45756
126.885965 , 37.485111
127.08148 , 37.133836
127.079841 , 37.18523
126.670819 , 37.425078
126.773456 , 36.966368
126.881587 , 35.160265
127.964416 , 37.315768
127.144231 , 37.58028
127.25601 , 36.391746
127.230545 , 37.538698
126.944521 , 37.513853
126.789565 , 37.642083
127.045619 , 37.285791
126.973573 , 37.34343
127.017489 , 37.553604
127.938234 , 37.338356
127.050055 , 37.898246
127.10493 , 37.342096
126.963381 , 37.217521
126.839783 , 37.569258
128.722556 , 35.189023
127.066893 , 37.5318
127.09376 , 37.127749
126.926966 , 37.320815
126.926112 , 37.331975
126.19809 , 34.400595
128.713248 , 36.551171
126.80421 , 37.345883
127.043857 , 37.690255
126.925203 , 35.188266
127.139653 , 37.003373
127.158171 , 37.844968
127.105095 , 37.342475
126.890653 , 37.666458
126.83233 , 37.639948
126.84998 , 35.163137
127.015346 , 37.48399
127.525386 , 37.221075
127.051341 , 37.624626
126.816107 , 37.560672
128.431926 , 34.857455
127.103571 , 37.270441
127.064961 , 37.852781
126.668551 , 37.399655
126.690708 , 37.475315
126.830898 , 37.524435
128.452275 , 35.826218
128.591196 , 38.210883
127.134389 , 37.46936
127.122901 , 36.795741
127.917911 , 36.980443
127.062813 , 37.950578
128.560973 , 35.178785
127.103191 , 37.613753
127.226345 , 37.572841
126.745423 , 37.522015
126.418643 , 35.456753
127.15643 , 37.594181
126.90793 , 37.421186
129.349078 , 36.014306
126.91662 , 37.579775
126.972546 , 35.960341
127.687096 , 36.939744
126.812796 , 37.554613
126.912441 , 37.450028
127.69664 , 34.769046
127.85448 , 37.334636
126.911526 , 37.450406
126.901573 , 37.510405
129.097443 , 35.222979
126.752487 , 37.482177
127.071698 , 37.236433
127.066836 , 37.516286
126.638713 , 37.427001
127.37012 , 36.348524
127.1945 , 37.59995
128.952343 , 35.078669
126.93088 , 37.557185
126.740659 , 37.669323
127.055866 , 37.53552
126.910203 , 37.518935
128.484033 , 37.043673
126.722758 , 37.624246
126.995521 , 37.2673
126.876595 , 35.167846
127.156971 , 36.819606
127.041163 , 37.487105
127.357811 , 36.542391
126.619255 , 37.437113
129.208611 , 36.333407
126.980968 , 37.207243
129.115681 , 35.18053
128.543341 , 35.902581
126.931505 , 35.088591
127.210581 , 37.89657
128.505635 , 35.317886
127.631445 , 36.499906
126.852131 , 35.227263
127.071141 , 37.51906
127.092441 , 37.53308
127.04942 , 37.248831
127.137866 , 37.615573
126.923281 , 37.330826
126.775786 , 36.551795
126.762158 , 37.315958
128.152448 , 36.419338
126.902811 , 37.437298
126.874143 , 37.485091
127.512952 , 36.611472
128.768715 , 35.814741
127.918958 , 36.972605
127.537984 , 34.91552
127.048983 , 36.962281
127.713261 , 37.869155
127.114021 , 37.537046
126.907975 , 37.509656
129.064605 , 35.089755
127.235158 , 37.498658
129.402308 , 36.078127
127.129055 , 37.41682
126.870747 , 37.517663
126.845674 , 36.975037
126.835774 , 35.197256
127.117106 , 37.412775
129.071253 , 35.204301
126.868736 , 37.402775
127.013952 , 37.660068
126.966727 , 36.801226
126.863663 , 35.239975
126.93828 , 37.144688
127.31912 , 37.794152
126.892577 , 37.48978
128.60601 , 38.162326
126.620426 , 37.438628
127.154298 , 36.819982
127.033252 , 37.529095
127.479673 , 36.267848
126.901719 , 37.38448
127.074284 , 37.923361
126.839176 , 37.474806
126.844341 , 37.61865
127.068543 , 37.089695
127.953433 , 37.341211
126.45938 , 34.810755
129.357456 , 35.573324
126.997397 , 37.575903
128.72448 , 35.818721
127.496915 , 36.724595
127.65943 , 36.635381
127.117556 , 35.954611
126.803295 , 35.171746
126.75051 , 37.48454
128.535232 , 35.804576
127.717575 , 37.863736
127.028725 , 37.271978
128.541378 , 35.942783
127.054549 , 37.237231
126.918081 , 37.521953
126.790696 , 37.594043
127.39863 , 36.370568
127.234323 , 37.499248
126.927816 , 37.320675
126.57 , 37.2854
126.799391 , 35.187923
126.700303 , 37.440385
127.263713 , 37.336948
126.903762 , 37.575483
126.77362 , 37.757315
126.89048 , 37.527328
128.711003 , 35.872118
126.82585 , 37.52345
127.065627 , 37.64155
127.03082 , 37.60798
126.89831 , 35.18685
127.21471 , 37.229501
127.275939 , 36.599805
127.143998 , 37.550976
126.775488 , 37.67435
126.89259 , 37.490078
127.054731 , 37.741141
126.7358 , 37.408808
128.558315 , 35.836405
126.689008 , 37.464721
127.174966 , 37.562656
126.897578 , 37.513218
127.053658 , 37.683761
126.902759 , 37.437173
126.746456 , 37.570412
128.452538 , 34.87172
128.982664 , 35.170332
126.921105 , 37.400521
127.229803 , 37.77925
126.738821 , 37.680935
127.00526 , 37.645281
126.947712 , 37.492484
127.166059 , 37.243765
127.125006 , 36.846401
127.477821 , 36.268331
127.025796 , 37.602456
128.683384 , 35.874664
126.885553 , 37.59298
126.879353 , 37.589851
126.994621 , 37.269521
127.053898 , 37.674618
127.104308 , 37.614638
127.137766 , 37.534538
126.852536 , 35.227351
127.085144 , 35.863024
127.144338 , 37.29165
127.06034 , 37.918513
126.846651 , 37.223506
127.068611 , 37.512068
128.417148 , 34.878353
128.343746 , 35.2634
126.798988 , 37.576758
127.238475 , 36.502556
127.011545 , 37.662255
127.203991 , 37.623574
126.702603 , 37.528258
127.06528 , 35.874088
126.842608 , 37.161466
126.838678 , 37.442428
126.43499 , 35.196377
129.320461 , 35.504998
128.977768 , 35.061236
127.474104 , 36.676188
127.098883 , 37.515273
127.045948 , 37.466511
127.134561 , 37.535678
126.810593 , 37.491665
126.410838 , 36.970888
126.958006 , 37.367938
126.747613 , 37.488183
127.055686 , 37.53559
126.758576 , 35.982078
128.722304 , 35.189313
126.779244 , 35.118673
129.389238 , 35.94004
128.409804 , 35.279336
126.914998 , 37.4792
127.42732 , 36.642088
128.424496 , 34.82514
127.058664 , 37.648196
127.066225 , 37.4792
129.351655 , 35.990511
126.88804 , 37.652145
127.447358 , 37.277143
126.851089 , 37.310993
128.812578 , 35.170271
127.124823 , 37.432788
127.266798 , 37.337866
127.179155 , 37.594741
127.275461 , 37.656388
127.082051 , 37.517375
128.722706 , 35.189378
126.909938 , 37.581691
126.422463 , 34.821995
126.68005 , 37.507478
127.465931 , 36.648143
129.177117 , 35.553416
129.095063 , 35.116088
127.58268 , 36.792752
127.952831 , 37.383491
126.417372 , 34.81303
129.401915 , 36.077542
127.14952 , 35.825288
127.086526 , 37.5965
126.977355 , 37.571641
127.104931 , 37.342263
128.529832 , 35.809452
127.10084 , 36.826176
127.079108 , 37.28756
126.983118 , 37.554975
129.066591 , 35.14764
127.204883 , 37.696983
129.409857 , 35.477683
127.118786 , 37.749161
127.435361 , 36.350771
126.801948 , 37.868455
128.58372 , 35.239123
127.30417 , 37.634355
126.851333 , 37.468101
126.897806 , 37.468518
126.743218 , 37.404001
126.81852 , 35.18972
127.070433 , 37.625571
127.915246 , 36.981886
127.294661 , 34.584613